File,Function,LOC,SLOC-P,SLOC-L,MVG,BLOC,C&SLOC,CLOC,CWORD
D:\LocMetrics\generator.project\src\extensions\createfdatentypen.ext,switch(clazz.stereotypeinstance.stereotype.name),3,3,1,0,0,0,0,0,
D:\LocMetrics\generator.project\src\extensions\createserverdzs.ext,switch(clazz.stereotypeinstance.stereotype.name),4,4,1,0,0,0,0,0,
D:\LocMetrics\generator.project\src\extensions\createserverdzs.ext,switch(clazz.stereotypeinstance.stereotype.name),5,5,1,0,0,0,0,0,
D:\LocMetrics\generator.project\src\extensions\createserverdzsimpl.ext,switch(clazz.stereotypeinstance.stereotype.name),4,4,1,0,0,0,0,0,
D:\LocMetrics\generator.project\src\extensions\createserverdzsimpl.ext,switch(clazz.stereotypeinstance.stereotype.name),5,5,1,0,0,0,0,0,
D:\LocMetrics\generator.project\src\extensions\createservergls.ext,switch(clazz.stereotypeinstance.stereotype.name),4,4,1,0,0,0,0,0,
D:\LocMetrics\generator.project\src\extensions\createservergls.ext,switch(clazz.stereotypeinstance.stereotype.name),5,5,1,0,0,0,0,0,
D:\LocMetrics\generator.project\src\extensions\createserverks.ext,switch(clazz.stereotypeinstance.stereotype.name),7,6,1,0,0,0,1,3,
D:\LocMetrics\generator.project\src\extensions\createserverks.ext,switch(clazz.stereotypeinstance.stereotype.name),4,4,1,0,0,0,0,0,
D:\LocMetrics\generator.project\src\extensions\createserverks.ext,switch(clazz.stereotypeinstance.stereotype.name),6,6,1,0,0,0,0,0,
D:\LocMetrics\generator.project\src\extensions\createserverksimpl.ext,switch(clazz.stereotypeinstance.stereotype.name),7,7,1,0,0,0,0,0,
D:\LocMetrics\generator.project\src\extensions\createserverksimpl.ext,switch(clazz.stereotypeinstance.stereotype.name),5,5,1,0,0,0,0,0,
D:\LocMetrics\generator.project\src\extensions\createserverto.ext,switch(clazz.stereotypeinstance.stereotype.name),6,6,1,0,0,0,0,0,
D:\LocMetrics\generator.project\src\extensions\createserverto.ext,switch(clazz.stereotypeinstance.stereotype.name),5,5,1,0,0,0,0,0,
D:\LocMetrics\generator.project\src\extensions\createserverunittest.ext,switch(clazz.stereotypeinstance.stereotype.name),4,4,1,0,0,0,0,0,
D:\LocMetrics\generator.project\src\extensions\createserverunittest.ext,switch(clazz.stereotypeinstance.stereotype.name),5,5,1,0,0,0,0,0,
D:\LocMetrics\generator.project\src\extensions\createSql.ext,switch( DTName ),10,10,1,0,0,0,0,0,
D:\LocMetrics\generator.project\src\extensions\createSql.ext,switch( DTName ),10,10,1,0,0,0,0,0,
D:\LocMetrics\generator.project\src\extensions\createSql.ext,switch( DTName ),10,10,1,0,0,0,0,0,
D:\LocMetrics\generator.project\src\extensions\createSql.ext,switch( DTName ),10,10,1,0,0,0,0,0,
D:\LocMetrics\generator.project\src\extensions\createSql.ext,switch( DTName ),10,10,1,0,0,0,0,0,
D:\LocMetrics\generator.project\src\extensions\createSql.ext,switch( signatureType ),18,18,1,0,0,0,0,0,
D:\LocMetrics\generator.project\src\extensions\createSql.ext,switch(getDataTypeName(signature.obj_typ)),10,10,1,0,0,0,0,0,
D:\LocMetrics\generator.project\src\extensions\createUi.ext,"switch( attribute.obj_typ.getTaggedValue(""Datentyp""))",7,7,1,0,0,0,0,0,
D:\LocMetrics\generator.project\src\extensions\createUi.ext,"switch( attribute.obj_typ.getTaggedValue(""Datentyp""))",7,7,1,0,0,0,0,0,
D:\LocMetrics\generator.project\src\extensions\createUi.ext,"switch( attribute.obj_typ.getTaggedValue(""Datentyp""))",7,7,1,0,0,0,0,0,
D:\LocMetrics\generator.project\src\extensions\createUi.ext,switch( attribute.typ ),19,19,1,0,0,0,0,0,
D:\LocMetrics\generator.project\src\extensions\Globals.ext,switch(typ ),11,11,1,0,0,0,0,0,
D:\LocMetrics\generator.project\src\extensions\Globals.ext,switch(typ),9,9,1,0,0,0,0,0,
D:\LocMetrics\generator.project\src\extensions\GlobalsDataTypes.ext,switch(typ ),11,11,1,0,0,0,0,0,
D:\LocMetrics\generator.project\src\extensions\GlobalsDataTypes.ext,switch(getDataTypeName(clazz)),10,10,1,0,0,0,0,0,
D:\LocMetrics\generator.project\src\extensions\GlobalsDataTypes.ext,switch(typ ),9,9,1,0,0,0,0,0,
D:\LocMetrics\generator.project\src\extensions\GlobalsDataTypes.ext,switch(typ ),37,37,1,0,0,0,0,0,
D:\LocMetrics\generator.project\src\extensions\GlobalsDataTypes.ext,switch(typ.toLowerCase()),38,37,1,0,1,0,0,0,
D:\LocMetrics\generator.project\src\extensions\GlobalsDataTypes.ext,switch(typ.toLowerCase()),8,8,1,0,0,0,0,0,
D:\LocMetrics\generator.project\src\extensions\GlobalsDataTypes.ext,switch(attrib.obj_typ.getDataTypeBez()),31,31,1,0,0,0,0,0,
D:\LocMetrics\generator.project\src\extensions\GlobalsDataTypes.ext,switch( val ),9,9,1,0,0,0,0,0,
D:\LocMetrics\generator.project\src\extensions\GlobalsDataTypes.ext,switch(typ),16,16,1,0,0,0,0,0,
D:\LocMetrics\generator.project\src\extensions\GlobalsDataTypes.ext,switch(typ),16,16,1,0,0,0,0,0,
D:\LocMetrics\generator.project\src\extensions\myprojectglobals.ext,switch(typ ),11,11,1,0,0,0,0,0,
D:\LocMetrics\generator.project\src\extensions\myprojectglobals.ext,switch(getDataTypeName(clazz)),10,10,1,0,0,0,0,0,
D:\LocMetrics\generator.project\src\extensions\myprojectglobals.ext,switch(typ.toLowerCase()),9,9,1,0,0,0,0,0,
D:\LocMetrics\generator.project\src\extensions\myprojectglobals.ext,switch( val ),9,9,1,0,0,0,0,0,
D:\LocMetrics\generator.project\src\template\client\samples\ComplexDialogRecursive.xpt,«switch(uiPart.getStereotypeName()),5,5,1,0,0,0,0,0,
D:\LocMetrics\generator.project\src\template\server\unittest\Package.xpt,«createHeaderKS(packageName),2,2,1,0,0,0,0,0,
D:\LocMetrics\generator.project\src\template\server\unittest\Package.xpt,«createHeaderKSimpl(packageName),2,2,1,0,0,0,0,0,
D:\LocMetrics\generator.project\src\template\server\unittest\Package.xpt,«createHeaderKS(packageName),2,2,1,0,0,0,0,0,
D:\LocMetrics\generator.project\src\template\server\unittest\Package.xpt,«createHeaderKSimpl(packageName),2,2,1,0,0,0,0,0,
D:\LocMetrics\generator.project\src\template\server\unittest\Package.xpt,«createHeaderGLS(packageName),2,2,1,0,0,0,0,0,
D:\LocMetrics\generator.project\src\template\server\unittest\Package.xpt,«createHeaderDZSimpl(packageName),2,2,1,0,0,0,0,0,
D:\LocMetrics\generator.project\src\template\server\unittest\Package.xpt,«createHeaderDZS(packageName),2,2,1,0,0,0,0,0,
D:\LocMetrics\generator.project\src\tpl\myproject\base\contracts\Converter.xpt,ConvertTo(Servis.Contracts.Wcf.Common.«UiDialog.parentPackage.parentPackage.technicalName».«UiDialog.technicalName»DialogA me),26,23,13,4,3,0,0,0,
D:\LocMetrics\generator.project\src\tpl\myproject\base\contracts\Converter.xpt,ConvertTo(JOMOsoft.Servis.Types.«UiDialog.parentPackage.parentPackage.technicalName».«UiDialog.technicalName»DialogA me),25,23,13,4,2,0,0,0,
D:\LocMetrics\generator.project\src\tpl\myproject\base\contracts\Converter.xpt,ConvertTo(Servis.Contracts.Wcf.Common.«packageName».«this.technicalName» me),49,45,18,5,4,0,0,0,
D:\LocMetrics\generator.project\src\tpl\myproject\base\contracts\Converter.xpt,ConvertTo(JOMOsoft.Servis.Types.«packageName».«this.technicalName» me),49,45,18,5,4,0,0,0,
D:\LocMetrics\generator.project\src\tpl\myproject\base\contracts\Converter.xpt,ConvertTo(Servis.Contracts.Wcf.Common.«packageName».«this.technicalName» me),49,45,18,5,4,0,0,0,
D:\LocMetrics\generator.project\src\tpl\myproject\base\contracts\Converter.xpt,ConvertTo(JOMOsoft.Servis.Types.«packageName».«this.technicalName» me),49,45,18,5,4,0,0,0,
D:\LocMetrics\generator.project\src\tpl\myproject\base\contracts\Converter.xpt,ConvertTo(Servis.Contracts.Wcf.Common.«UiDialog.parentPackage.parentPackage.technicalName».«UiDialog.technicalName»DialogF me),21,17,11,3,4,0,0,0,
D:\LocMetrics\generator.project\src\tpl\myproject\base\contracts\Converter.xpt,ConvertTo(JOMOsoft.Servis.Types.«UiDialog.parentPackage.parentPackage.technicalName».«UiDialog.technicalName»DialogF me),21,17,11,3,4,0,0,0,
D:\LocMetrics\generator.project\src\tpl\myproject\base\contracts\Converter.xpt,ConvertTo(Servis.Contracts.Wcf.Common.«packageName».«this.technicalName»DialogDM me),22,21,11,4,1,0,0,0,
D:\LocMetrics\generator.project\src\tpl\myproject\base\contracts\Converter.xpt,ConvertTo(JOMOsoft.Servis.Types.«packageName».«this.technicalName»DialogDM me),22,21,11,4,1,0,0,0,
D:\LocMetrics\generator.project\src\tpl\myproject\base\contracts\Converter.xpt,ConvertTo(Servis.Contracts.Wcf.Common.«this.parentPackage.technicalName».«this.technicalName»LookupDM me),13,11,7,2,2,0,0,0,
D:\LocMetrics\generator.project\src\tpl\myproject\base\contracts\Converter.xpt,ConvertTo(JOMOsoft.Servis.Types.«this.parentPackage.technicalName».«this.technicalName»LookupDM me),13,11,7,2,2,0,0,0,
D:\LocMetrics\generator.project\src\tpl\myproject\base\contracts\Converter.xpt,ConvertTo(Servis.Contracts.Wcf.Common.«this.parentPackage.technicalName».«this.technicalName»EntitaetDM me),24,22,17,2,2,0,0,0,
D:\LocMetrics\generator.project\src\tpl\myproject\base\contracts\Converter.xpt,ConvertTo(JOMOsoft.Servis.Types.«this.parentPackage.technicalName».«this.technicalName»EntitaetDM me),22,20,15,2,2,0,0,0,
D:\LocMetrics\generator.project\src\tpl\myproject\base\contracts\Converter.xpt,ConvertTo(Servis.Contracts.Wcf.Common.«packageName».«this.technicalName» me),22,20,11,2,2,0,0,0,
D:\LocMetrics\generator.project\src\tpl\myproject\base\contracts\Converter.xpt,ConvertTo(JOMOsoft.Servis.Types.«packageName».«this.technicalName» me),22,20,11,2,2,0,0,0,
D:\LocMetrics\generator.project\src\tpl\myproject\base\contracts\Converter.xpt,ConvertTo(Servis.Contracts.Wcf.Common.LookupStatusDM me),18,17,13,2,1,0,0,0,
D:\LocMetrics\generator.project\src\tpl\myproject\base\contracts\Converter.xpt,ConvertTo(JOMOsoft.Servis.Types.LookupStatusDM me),18,17,13,2,1,0,0,0,
D:\LocMetrics\generator.project\src\tpl\myproject\base\contracts\DataContractEntityDM.xpt,«this.technicalName.toFirstUpper(),1,1,1,0,0,0,0,0,
D:\LocMetrics\generator.project\src\tpl\myproject\base\contracts\DataContractEntityDM.xpt,«this.technicalName.toFirstUpper(),1,1,1,0,0,0,0,0,
D:\LocMetrics\generator.project\src\tpl\myproject\base\contracts\DataContractEntityDM.xpt,«this.technicalName.toFirstUpper(),1,1,1,0,0,0,0,0,
D:\LocMetrics\generator.project\src\tpl\myproject\base\contracts\DataContractEntityDM.xpt,«this.roleNameStart.toFirstUpper(),1,1,1,0,0,0,0,0,
D:\LocMetrics\generator.project\src\tpl\myproject\base\contracts\DataContractEntityDM.xpt,«this.roleNameStart.toFirstUpper(),1,1,1,0,0,0,0,0,
D:\LocMetrics\generator.project\src\tpl\myproject\base\contracts\DataContractEntityDM.xpt,«this.roleNameEnd.toFirstUpper(),1,1,1,0,0,0,0,0,
D:\LocMetrics\generator.project\src\tpl\myproject\base\contracts\DataContractEntityDM.xpt,«this.roleNameEnd.toFirstUpper(),1,1,1,0,0,0,0,0,
D:\LocMetrics\generator.project\src\tpl\myproject\base\contracts\DataContractEntityDM.xpt,«this.roleNameEnd.toFirstUpper(),1,1,1,0,0,0,0,0,
D:\LocMetrics\generator.project\src\tpl\myproject\base\contracts\DataContractEntityDM.xpt,«this.technicalName.toFirstUpper(),1,1,1,0,0,0,0,0,
D:\LocMetrics\generator.project\src\tpl\myproject\base\contracts\DataContractEntityF.xpt,«this.technicalName.toFirstUpper(),1,1,1,0,0,0,0,0,
D:\LocMetrics\generator.project\src\tpl\myproject\base\contracts\DataContractServiceA.xpt,«this.technicalName.toFirstUpper(),1,1,1,0,0,0,0,0,
D:\LocMetrics\generator.project\src\tpl\myproject\base\contracts\DataContractServiceA.xpt,«this.technicalName.toFirstUpper(),1,1,1,0,0,0,0,0,
D:\LocMetrics\generator.project\src\tpl\myproject\base\contracts\DataContractServiceA.xpt,«this.technicalName.toFirstUpper(),1,1,1,0,0,0,0,0,
D:\LocMetrics\generator.project\src\tpl\myproject\base\contracts\DataContractServiceA.xpt,«this.technicalName.toFirstUpper(),1,1,1,0,0,0,0,0,
D:\LocMetrics\generator.project\src\tpl\myproject\base\contracts\DataContractServiceA.xpt,«this.technicalName.toFirstUpper(),1,1,1,0,0,0,0,0,
D:\LocMetrics\generator.project\src\tpl\myproject\base\contracts\DataContractServiceDM.xpt,«this.technicalName.toFirstUpper(),1,1,1,0,0,0,0,0,
D:\LocMetrics\generator.project\src\tpl\myproject\base\contracts\DataContractServiceDM.xpt,«this.technicalName.toFirstUpper(),1,1,1,0,0,0,0,0,
D:\LocMetrics\generator.project\src\tpl\myproject\base\contracts\DataContractServiceF.xpt,«this.technicalName.toFirstUpper(),1,1,1,0,0,0,0,0,
D:\LocMetrics\generator.project\src\tpl\myproject\base\contracts\DataContractServiceF.xpt,«this.technicalName.toFirstUpper(),1,1,1,0,0,0,0,0,
D:\LocMetrics\generator.project\src\tpl\myproject\base\contracts\DataContractServiceF.xpt,«this.technicalName.toFirstUpper(),1,1,1,0,0,0,0,0,
D:\LocMetrics\generator.project\src\tpl\myproject\base\contracts\DataContractServiceF.xpt,«this.technicalName.toFirstUpper(),1,1,1,0,0,0,0,0,
D:\LocMetrics\generator.project\src\tpl\myproject\base\contracts\DataContractServiceF.xpt,«this.technicalName.toFirstUpper(),1,1,1,0,0,0,0,0,
D:\LocMetrics\generator.project\src\tpl\myproject\base\contracts\Package.xpt,«createIHeaderAntwortenWcf(packageName),2,2,1,0,0,0,0,0,
D:\LocMetrics\generator.project\src\tpl\myproject\base\contracts\Package.xpt,«createIHeaderDatenMitgliederWcf(packageName),2,2,1,0,0,0,0,0,
D:\LocMetrics\generator.project\src\tpl\myproject\base\contracts\Package.xpt,«createIHeaderDatenMitgliederWcf(packageName),2,2,1,0,0,0,0,0,
D:\LocMetrics\generator.project\src\tpl\myproject\base\contracts\Package.xpt,«createIHeaderAntwortenWcf(packageName),2,2,1,0,0,0,0,0,
D:\LocMetrics\generator.project\src\tpl\myproject\base\contracts\Package.xpt,«createIHeaderDatenMitgliederWcf(packageName),2,2,1,0,0,0,0,0,
D:\LocMetrics\generator.project\src\tpl\myproject\base\contracts\Package.xpt,«createIHeaderFragenWcf(packageName),2,2,1,0,0,0,0,0,
D:\LocMetrics\generator.project\src\tpl\myproject\base\contracts\Package.xpt,«createIHeaderConverter(packageName),2,2,1,0,0,0,0,0,
D:\LocMetrics\generator.project\src\tpl\myproject\base\contracts\Package.xpt,«createIHeaderConverter(packageName),23,19,2,0,4,0,0,0,
D:\LocMetrics\generator.project\src\tpl\myproject\base\contracts\Package.xpt,«createIHeaderAntwortenWcf(packageName),5,5,2,0,0,0,0,0,
D:\LocMetrics\generator.project\src\tpl\myproject\base\contracts\Package.xpt,«createIHeaderDatenMitgliederWcf(packageName),2,2,1,0,0,0,0,0,
D:\LocMetrics\generator.project\src\tpl\myproject\base\contracts\Package.xpt,«createIHeaderDatenMitgliederWcf(packageName),5,5,2,0,0,0,0,0,
D:\LocMetrics\generator.project\src\tpl\myproject\base\types\Package.xpt,«createHeaderAntworten(packageName),2,2,1,0,0,0,0,0,
D:\LocMetrics\generator.project\src\tpl\myproject\base\types\Package.xpt,«createHeaderDatenMitglieder(packageName),2,2,1,0,0,0,0,0,
D:\LocMetrics\generator.project\src\tpl\myproject\base\types\Package.xpt,«createHeaderFragen(packageName),2,2,1,0,0,0,0,0,
D:\LocMetrics\generator.project\src\tpl\myproject\base\types\Package.xpt,«createHeaderAntworten(packageName),2,2,1,0,0,0,0,0,
D:\LocMetrics\generator.project\src\tpl\myproject\base\types\Package.xpt,«createHeaderDatenMitglieder(packageName),2,2,1,0,0,0,0,0,
D:\LocMetrics\generator.project\src\tpl\myproject\base\types\Package.xpt,«createHeaderFragen(packageName),2,2,1,0,0,0,0,0,
D:\LocMetrics\generator.project\src\tpl\myproject\base\types\Package.xpt,«createHeaderAntworten(packageName),5,5,2,0,0,0,0,0,
D:\LocMetrics\generator.project\src\tpl\myproject\base\types\Package.xpt,«createHeaderDatenMitglieder(packageName),2,2,1,0,0,0,0,0,
D:\LocMetrics\generator.project\src\tpl\myproject\base\types\Package.xpt,«createHeaderFragen(packageName),5,5,2,0,0,0,0,0,
D:\LocMetrics\generator.project\src\tpl\myproject\base\types\TransportobjekteEntitiesDM.xpt,«this.technicalName.toFirstUpper(),15,14,8,2,1,0,0,0,
D:\LocMetrics\generator.project\src\tpl\myproject\base\types\TransportobjekteEntitiesDM.xpt,«this.technicalName.toFirstUpper(),15,14,8,2,1,0,0,0,
D:\LocMetrics\generator.project\src\tpl\myproject\base\types\TransportobjekteEntitiesDM.xpt,«this.technicalName.toFirstUpper(),8,8,5,1,0,0,0,0,
D:\LocMetrics\generator.project\src\tpl\myproject\base\types\TransportobjekteEntitiesDM.xpt,«this.technicalName.toFirstUpper(),1,1,1,0,0,0,0,0,
D:\LocMetrics\generator.project\src\tpl\myproject\base\types\TransportobjekteEntitiesDM.xpt,«this.roleNameStart.toFirstUpper(),15,14,8,2,1,0,0,0,
D:\LocMetrics\generator.project\src\tpl\myproject\base\types\TransportobjekteEntitiesDM.xpt,«this.roleNameStart.toFirstUpper(),15,14,8,2,1,0,0,0,
D:\LocMetrics\generator.project\src\tpl\myproject\base\types\TransportobjekteEntitiesDM.xpt,«this.roleNameStart.toFirstUpper(),8,8,5,1,0,0,0,0,
D:\LocMetrics\generator.project\src\tpl\myproject\base\types\TransportobjekteEntitiesDM.xpt,«this.roleNameEnd.toFirstUpper(),15,14,8,2,1,0,0,0,
D:\LocMetrics\generator.project\src\tpl\myproject\base\types\TransportobjekteEntitiesDM.xpt,«this.roleNameEnd.toFirstUpper(),15,14,8,2,1,0,0,0,
D:\LocMetrics\generator.project\src\tpl\myproject\base\types\TransportobjekteEntitiesDM.xpt,«this.roleNameEnd.toFirstUpper(),8,8,5,1,0,0,0,0,
D:\LocMetrics\generator.project\src\tpl\myproject\base\types\TransportobjekteEntitiesDM.xpt,«this.roleNameEnd.toFirstUpper(),1,1,1,0,0,0,0,0,
D:\LocMetrics\generator.project\src\tpl\myproject\base\types\TransportobjekteEntitiesDM.xpt,«this.technicalName.toFirstUpper(),1,1,1,0,0,0,0,0,
D:\LocMetrics\generator.project\src\tpl\myproject\base\types\TransportobjekteServiceA.xpt,«this.technicalName.toFirstUpper(),1,1,1,0,0,0,0,0,
D:\LocMetrics\generator.project\src\tpl\myproject\base\types\TransportobjekteServiceA.xpt,«this.technicalName.toFirstUpper(),1,1,1,0,0,0,0,0,
D:\LocMetrics\generator.project\src\tpl\myproject\base\types\TransportobjekteServiceA.xpt,«this.technicalName.toFirstUpper(),1,1,1,0,0,0,0,0,
D:\LocMetrics\generator.project\src\tpl\myproject\base\types\TransportobjekteServiceA.xpt,«this.technicalName.toFirstUpper(),1,1,1,0,0,0,0,0,
D:\LocMetrics\generator.project\src\tpl\myproject\base\types\TransportobjekteServiceA.xpt,«this.technicalName.toFirstUpper(),1,1,1,0,0,0,0,0,
D:\LocMetrics\generator.project\src\tpl\myproject\base\types\TransportobjekteServiceA.xpt,foreach(«REM»Jomo.TO.DatenMitglieder.«ENDREM»«getSigSemanticName(this)» item in input.«this.technicalName»),3,3,3,0,0,0,0,0,
D:\LocMetrics\generator.project\src\tpl\myproject\base\types\TransportobjekteServiceDM.xpt,«this.technicalName.toFirstUpper(),1,1,1,0,0,0,0,0,
D:\LocMetrics\generator.project\src\tpl\myproject\base\types\TransportobjekteServiceDM.xpt,«this.technicalName.toFirstUpper(),1,1,1,0,0,0,0,0,
D:\LocMetrics\generator.project\src\tpl\myproject\base\types\TransportobjekteServiceF.xpt,«this.technicalName.toFirstUpper(),1,1,1,0,0,0,0,0,
D:\LocMetrics\generator.project\src\tpl\myproject\base\types\TransportobjekteServiceF.xpt,«this.technicalName.toFirstUpper(),1,1,1,0,0,0,0,0,
D:\LocMetrics\generator.project\src\tpl\myproject\base\types\TransportobjekteServiceF.xpt,«this.technicalName.toFirstUpper(),1,1,1,0,0,0,0,0,
D:\LocMetrics\generator.project\src\tpl\myproject\base\types\TransportobjekteServiceF.xpt,«this.technicalName.toFirstUpper(),1,1,1,0,0,0,0,0,
D:\LocMetrics\generator.project\src\tpl\myproject\base\types\TransportobjekteServiceF.xpt,«this.technicalName.toFirstUpper(),1,1,1,0,0,0,0,0,
D:\LocMetrics\generator.project\src\tpl\myproject\base\types\TransportobjekteServiceF.xpt,«this.technicalName.toFirstUpper(),1,1,1,0,0,0,0,0,
D:\LocMetrics\generator.project\src\tpl\myproject\base\types\TransportobjekteServiceF.xpt,«this.technicalName.toFirstUpper(),1,1,1,0,0,0,0,0,
D:\LocMetrics\generator.project\src\tpl\myproject\data\core\Dzs.xpt,«className»GetInterface(),3,2,2,1,0,0,1,6,
D:\LocMetrics\generator.project\src\tpl\myproject\data\core\Dzs.xpt,«this.technicalName»(«EXPAND OperationContractParam(clazz) FOREACH (Collection[Signature]) this.params-»),2,2,2,1,0,0,0,0,
D:\LocMetrics\generator.project\src\tpl\myproject\data\core\Dzs.xpt,«this.technicalName»(«EXPAND OperationContractParam(clazz) FOREACH (Collection[Signature]) this.params-»),2,2,2,1,0,0,0,0,
D:\LocMetrics\generator.project\src\tpl\myproject\data\core\DzsDialog.xpt,"«entity.technicalName»EntitaetLesen(«uiDialog.technicalName»DialogA ret, SqlDataReader sqlReader)",78,77,39,1,1,0,0,0,
D:\LocMetrics\generator.project\src\tpl\myproject\data\core\DzsDialog.xpt,IService«uiDialog.technicalName»Dialog.Lesen(«uiDialog.technicalName»DialogF param),147,131,60,11,15,0,1,4,
D:\LocMetrics\generator.project\src\tpl\myproject\data\core\DzsDialog.xpt,IService«uiDialog.technicalName»Dialog.CheckRelationships(«uiDialog.technicalName»DialogF param),62,54,27,7,8,0,0,0,
D:\LocMetrics\generator.project\src\tpl\myproject\data\core\DzsDialog.xpt,IService«uiDialog.technicalName»Dialog.GetRowCount(«uiDialog.technicalName»DialogF param),17,14,10,4,3,0,0,0,
D:\LocMetrics\generator.project\src\tpl\myproject\data\core\DzsDialog.xpt,"«entity.technicalName»LookupLesen(«uiDialog.technicalName»DialogA ret, SqlDataReader sqlReader)",32,31,16,2,1,0,0,0,
D:\LocMetrics\generator.project\src\tpl\myproject\data\core\DzsDialog.xpt,GetFilter(«uiDialog.technicalName»DialogF param),82,78,40,10,3,0,1,5,
D:\LocMetrics\generator.project\src\tpl\myproject\data\core\DzsEntity.xpt,«className»GetInterface(),3,2,2,1,0,0,1,6,
D:\LocMetrics\generator.project\src\tpl\myproject\data\core\DzsEntity.xpt,«methodName»(«className»F param),2,2,2,1,0,0,0,0,
D:\LocMetrics\generator.project\src\tpl\myproject\data\core\DzsEntity.xpt,Lookup(«lookupName»F param),2,2,2,1,0,0,0,0,
D:\LocMetrics\generator.project\src\tpl\myproject\data\core\DzsEntity.xpt,Lesen«EntityName»Ref(«lookupName»F param),2,2,2,1,0,0,0,0,
D:\LocMetrics\generator.project\src\tpl\myproject\data\core\Dzsimpl.xpt,IService«clazz.technicalName»Service.«this.technicalName»(«EXPAND OperationContractParam(clazz) FOREACH (Collection[Signature]) this.params-»),6,4,5,1,2,0,0,0,
D:\LocMetrics\generator.project\src\tpl\myproject\data\core\DzsimplEntityLinq.xpt,IstNeu(),2,2,2,1,0,0,0,0,
D:\LocMetrics\generator.project\src\tpl\myproject\data\core\DzsimplEntityMethoden.xpt,_KopieVonDM(«this.technicalName»EntitaetDM param),35,31,16,5,4,0,0,0,
D:\LocMetrics\generator.project\src\tpl\myproject\data\core\DzsimplEntityMethoden.xpt,NeuVonDM(«this.technicalName»EntitaetDM param),35,30,15,5,5,1,0,5,
D:\LocMetrics\generator.project\src\tpl\myproject\data\core\DzsimplEntityMethoden.xpt,KopieVonDM(«this.technicalName»EntitaetDM param),8,5,3,1,3,0,0,0,
D:\LocMetrics\generator.project\src\tpl\myproject\data\core\DzsimplEntityMethoden.xpt,ZuListDM(JOMOSOFT_SERVIS.«this.parentPackage.technicalName»_«this.technicalName»[] param),36,33,17,5,3,0,0,0,
D:\LocMetrics\generator.project\src\tpl\myproject\data\core\DzsimplEntityMethoden.xpt,AddParameterDef4Insert(SqlCommand command),3,3,3,0,0,0,0,0,
D:\LocMetrics\generator.project\src\tpl\myproject\data\core\DzsimplEntityMethoden.xpt,AddParameterDef4Update(SqlCommand command),3,3,3,0,0,0,0,0,
D:\LocMetrics\generator.project\src\tpl\myproject\data\core\DzsimplEntityMethoden.xpt,"AddPropertyParameters(SqlCommand command, bool update)",27,27,10,0,0,0,0,0,
D:\LocMetrics\generator.project\src\tpl\myproject\data\core\Package.xpt,«createHeaderInterface(packageName),2,2,1,0,0,0,0,0,
D:\LocMetrics\generator.project\src\tpl\myproject\data\core\Package.xpt,«createHeaderFactory(packageName),6,6,2,0,0,0,0,0,
D:\LocMetrics\generator.project\src\tpl\myproject\data\core\Package.xpt,«createHeader(packageName),2,2,1,0,0,0,0,0,
D:\LocMetrics\generator.project\src\tpl\myproject\data\core\Package.xpt,«createHeaderInterface(packageName),2,2,1,0,0,0,0,0,
D:\LocMetrics\generator.project\src\tpl\myproject\data\core\Package.xpt,«createHeader(packageName),8,5,2,0,0,0,3,8,
D:\LocMetrics\generator.project\src\tpl\myproject\data\core\Package.xpt,«createHeader(packageName),2,2,1,0,0,0,0,0,
D:\LocMetrics\generator.project\src\tpl\myproject\modules\adapters\Package.xpt,«createHeaderFactory(package.technicalName),2,2,1,0,0,0,0,0,
D:\LocMetrics\generator.project\src\tpl\myproject\modules\adapters\Package.xpt,«createHeaderWcfProxy(package.technicalName),2,2,1,0,0,0,0,0,
D:\LocMetrics\generator.project\src\tpl\myproject\modules\adapters\Package.xpt,«createHeaderFactory(package.technicalName),6,6,1,0,0,0,0,0,
D:\LocMetrics\generator.project\src\tpl\myproject\modules\adapters\Package.xpt,«createHeaderWcfProxy(package.technicalName),6,6,1,0,0,0,0,0,
D:\LocMetrics\generator.project\src\tpl\myproject\modules\adapters\WcfProxy.xpt,«methodName»(JOMOsoft.Servis.Types.«packageName».«dlgName»F param),41,38,25,6,3,0,0,0,
D:\LocMetrics\generator.project\src\tpl\myproject\modules\adapters\WcfProxy.xpt,«this.semanticName»(JOMOsoft.Servis.Types.«packageName».«EXPAND OperationContractParam(clazz) FOREACH (Collection[Signature]) this.params-»),41,38,25,6,3,0,0,0,
D:\LocMetrics\generator.project\src\tpl\myproject\modules\client\pls\Dialogs.xpt,«attribute.technicalName.toFirstUpper(),1,1,1,0,0,0,0,0,
D:\LocMetrics\generator.project\src\tpl\myproject\modules\client\pls\Dialogs.xpt,«attribute.technicalName.toFirstUpper(),1,1,1,0,0,0,0,0,
D:\LocMetrics\generator.project\src\tpl\myproject\modules\client\pls\Dialogs.xpt,«attribute.technicalName.toFirstUpper(),3,3,3,0,0,0,0,0,
D:\LocMetrics\generator.project\src\tpl\myproject\modules\client\pls\Dialogs.xpt,«attribute.technicalName.toFirstUpper(),3,3,3,0,0,0,0,0,
D:\LocMetrics\generator.project\src\tpl\myproject\modules\client\pls\Dialogs.xpt,«aggregation.roleNameEnd.toFirstUpper(),3,3,3,0,0,0,0,0,
D:\LocMetrics\generator.project\src\tpl\myproject\modules\client\pls\Dialogs.xpt,«aggregation.roleNameEnd.toFirstUpper(),3,3,3,0,0,0,0,0,
D:\LocMetrics\generator.project\src\tpl\myproject\modules\client\pls\Dialogs.xpt,«attribute.technicalName.toFirstUpper(),3,3,3,0,0,0,0,0,
D:\LocMetrics\generator.project\src\tpl\myproject\modules\client\pls\Dialogs.xpt,«attribute.technicalName.toFirstUpper(),3,3,3,0,0,0,0,0,
D:\LocMetrics\generator.project\src\tpl\myproject\modules\client\pls\Dialogs.xpt,«aggregation.roleNameEnd.toFirstUpper(),3,3,3,0,0,0,0,0,
D:\LocMetrics\generator.project\src\tpl\myproject\modules\client\pls\Dialogs.xpt,«aggregation.roleNameEnd.toFirstUpper(),3,3,3,0,0,0,0,0,
D:\LocMetrics\generator.project\src\tpl\myproject\modules\client\pls\Dialogs.xpt,«attribute.technicalName.toFirstUpper(),1,1,1,0,0,0,0,0,
D:\LocMetrics\generator.project\src\tpl\myproject\modules\client\pls\Dialogs.xpt,«aggregation.roleNameEnd.toFirstUpper(),1,1,1,0,0,0,0,0,
D:\LocMetrics\generator.project\src\tpl\myproject\modules\client\pls\Dialogs.xpt,«attribute.technicalName.toFirstUpper(),1,1,1,0,0,0,0,0,
D:\LocMetrics\generator.project\src\tpl\myproject\modules\client\pls\Dialogs.xpt,«aggregation.roleNameEnd.toFirstUpper(),1,1,1,0,0,0,0,0,
D:\LocMetrics\generator.project\src\tpl\myproject\modules\client\pls\PLSAdvancedClassFilter.xpt,"«createHeaderPLSAdvancedClassFilter(this.parentPackage.parentPackage.technicalName, uiDialog.technicalName)",94,73,37,6,15,0,6,27,
D:\LocMetrics\generator.project\src\tpl\myproject\modules\client\pls\PLSClassCommand.xpt,"«createHeaderPLSClassCommand(this.parentPackage.parentPackage.technicalName, uiDialog.technicalName)",8,8,4,0,0,0,0,0,
D:\LocMetrics\generator.project\src\tpl\myproject\modules\client\pls\PLSClassFilter.xpt,"«createHeaderPLSClassFilter(this.parentPackage.parentPackage.technicalName, uiDialog.technicalName)",27,19,5,0,1,0,7,27,
D:\LocMetrics\generator.project\src\tpl\myproject\modules\client\pls\PLSClassPartViewModel.xpt,"OnNew«this.technicalName»CanExecute(object sender, CanExecuteRoutedEventArgs e)",39,33,17,5,6,0,0,0,
D:\LocMetrics\generator.project\src\tpl\myproject\modules\client\pls\PLSClassPartViewModel.xpt,"OnNew«this.technicalName»Executed(object sender, ExecutedRoutedEventArgs e)",92,84,41,9,3,0,5,16,
D:\LocMetrics\generator.project\src\tpl\myproject\modules\client\pls\PLSClassPartViewModel.xpt,"OnNew«this.technicalName»CanExecute(object sender, CanExecuteRoutedEventArgs e)",40,35,17,5,5,0,0,0,
D:\LocMetrics\generator.project\src\tpl\myproject\modules\client\pls\PLSClassPartViewModel.xpt,"OnNew«this.technicalName»Executed(object sender, ExecutedRoutedEventArgs e)",115,103,59,15,9,0,3,11,
D:\LocMetrics\generator.project\src\tpl\myproject\modules\client\pls\PLSClassPartViewModel.xpt,"OnNew«this.technicalName»CanExecute(object sender, CanExecuteRoutedEventArgs e)",59,57,26,11,2,0,0,0,
D:\LocMetrics\generator.project\src\tpl\myproject\modules\client\pls\PLSClassPartViewModel.xpt,"OnNew«this.technicalName»Executed(object sender, ExecutedRoutedEventArgs e)",99,92,33,4,1,0,6,22,
D:\LocMetrics\generator.project\src\tpl\myproject\modules\client\pls\PLSClassPartViewModel.xpt,"OnDelete«this.technicalName»CanExecute(object sender, CanExecuteRoutedEventArgs e)",32,27,13,4,5,0,0,0,
D:\LocMetrics\generator.project\src\tpl\myproject\modules\client\pls\PLSClassPartViewModel.xpt,"OnDelete«this.technicalName»Executed(object sender, ExecutedRoutedEventArgs e)",98,76,45,10,11,0,11,99,
D:\LocMetrics\generator.project\src\tpl\myproject\modules\client\pls\PLSClassPartViewModel.xpt,"OnDelete«this.technicalName»CanExecute(object sender, CanExecuteRoutedEventArgs e)",25,19,13,3,6,0,0,0,
D:\LocMetrics\generator.project\src\tpl\myproject\modules\client\pls\PLSClassPartViewModel.xpt,"OnDelete«this.technicalName»Executed(object sender, ExecutedRoutedEventArgs e)",125,108,60,13,12,0,5,28,
D:\LocMetrics\generator.project\src\tpl\myproject\modules\client\pls\PLSClassPartViewModel.xpt,"OnDelete«this.technicalName»CanExecute(object sender, CanExecuteRoutedEventArgs e)",24,18,12,3,6,0,0,0,
D:\LocMetrics\generator.project\src\tpl\myproject\modules\client\pls\PLSClassPartViewModel.xpt,"OnDelete«this.technicalName»Executed(object sender, ExecutedRoutedEventArgs e)",47,35,23,5,8,0,4,48,
D:\LocMetrics\generator.project\src\tpl\myproject\modules\client\pls\PLSClassPartViewModel.xpt,"OnDelete«this.technicalName»CanExecute(object sender, CanExecuteRoutedEventArgs e)",24,18,12,3,6,0,0,0,
D:\LocMetrics\generator.project\src\tpl\myproject\modules\client\pls\PLSClassPartViewModel.xpt,"OnDelete«this.technicalName»Executed(object sender, ExecutedRoutedEventArgs e)",45,33,23,5,8,0,4,48,
D:\LocMetrics\generator.project\src\tpl\myproject\modules\client\pls\PLSClassPartViewModel.xpt,"On«Binding.technicalName»ZuordnenCanExecute(object sender, CanExecuteRoutedEventArgs e)",4,4,4,0,0,0,0,0,
D:\LocMetrics\generator.project\src\tpl\myproject\modules\client\pls\PLSClassPartViewModel.xpt,"On«Binding.technicalName»Zuordnen(object sender, ExecutedRoutedEventArgs e)",368,324,154,34,30,0,14,49,
D:\LocMetrics\generator.project\src\tpl\myproject\modules\client\pls\PLSClassPartViewModel.xpt,"On«Binding.technicalName»Zuordnen_OnCanRemoveHandler(object sender, SelectionOrganisationsEinheitControlViewModel.CanAddOrRemoveEventArgs e)",4,4,4,0,0,0,0,0,
D:\LocMetrics\generator.project\src\tpl\myproject\modules\client\pls\PLSClassPartViewModel.xpt,"On«Binding.technicalName»Zuordnen_OnCanAddHandler(object sender, SelectionOrganisationsEinheitControlViewModel.CanAddOrRemoveEventArgs e)",4,4,4,0,0,0,0,0,
D:\LocMetrics\generator.project\src\tpl\myproject\modules\client\pls\PLSClassPartViewModel.xpt,"On«Binding.technicalName»Zuordnen_OnCanRemoveHandler(object sender, SelectionControlViewModel.CanAddOrRemoveEventArgs e)",4,4,4,0,0,0,0,0,
D:\LocMetrics\generator.project\src\tpl\myproject\modules\client\pls\PLSClassPartViewModel.xpt,"On«Binding.technicalName»Zuordnen_OnCanAddHandler(object sender, SelectionControlViewModel.CanAddOrRemoveEventArgs e)",4,4,4,0,0,0,0,0,
D:\LocMetrics\generator.project\src\tpl\myproject\modules\client\pls\PLSClassPartViewModel.xpt,"On«uiDialog.technicalName»MoveUpCanExecute(object sender, CanExecuteRoutedEventArgs e)",12,10,8,1,2,0,0,0,
D:\LocMetrics\generator.project\src\tpl\myproject\modules\client\pls\PLSClassPartViewModel.xpt,"On«uiDialog.technicalName»MoveUpExecuted(object sender, ExecutedRoutedEventArgs e)",34,30,20,4,3,0,1,10,
D:\LocMetrics\generator.project\src\tpl\myproject\modules\client\pls\PLSClassPartViewModel.xpt,"On«uiDialog.technicalName»MoveDownCanExecute(object sender, CanExecuteRoutedEventArgs e)",12,10,8,1,2,0,0,0,
D:\LocMetrics\generator.project\src\tpl\myproject\modules\client\pls\PLSClassPartViewModel.xpt,"On«uiDialog.technicalName»MoveDownExecuted(object sender, ExecutedRoutedEventArgs e)",33,30,20,4,3,0,0,0,
D:\LocMetrics\generator.project\src\tpl\myproject\modules\client\pls\PLSClassPartViewModel.xpt,"On«uiDialog.technicalName»MoveToPosCanExecute(object sender, CanExecuteRoutedEventArgs e)",11,9,7,1,2,0,0,0,
D:\LocMetrics\generator.project\src\tpl\myproject\modules\client\pls\PLSClassPartViewModel.xpt,"On«uiDialog.technicalName»MoveToPosExecuted(object sender, ExecutedRoutedEventArgs e)",43,34,22,5,8,0,1,16,
D:\LocMetrics\generator.project\src\tpl\myproject\modules\client\pls\PLSClassPartViewModel.xpt,"On«uiDialog.technicalName»SortModeCanExecute(object sender, CanExecuteRoutedEventArgs e)",8,7,5,1,1,0,0,0,
D:\LocMetrics\generator.project\src\tpl\myproject\modules\client\pls\PLSClassPartViewModel.xpt,"On«uiDialog.technicalName»SortModeExecuted(object sender, ExecutedRoutedEventArgs e)",8,8,6,1,0,0,0,0,
D:\LocMetrics\generator.project\src\tpl\myproject\modules\client\pls\PLSClassPartViewModel.xpt,"On«uiDialog.technicalName»AcceptCurrentSortCanExecute(object sender, CanExecuteRoutedEventArgs e)",2,2,2,0,0,0,0,0,
D:\LocMetrics\generator.project\src\tpl\myproject\modules\client\pls\PLSClassPartViewModel.xpt,"On«uiDialog.technicalName»AcceptCurrentSortExecuted(object sender, ExecutedRoutedEventArgs e)",30,26,18,3,4,0,0,0,
D:\LocMetrics\generator.project\src\tpl\myproject\modules\client\pls\PLSClassPartViewModel.xpt,"On«uiDialog.technicalName»MoveUpCanExecute(object sender, CanExecuteRoutedEventArgs e)",27,21,13,4,5,0,1,14,
D:\LocMetrics\generator.project\src\tpl\myproject\modules\client\pls\PLSClassPartViewModel.xpt,"On«uiDialog.technicalName»MoveUpExecuted(object sender, ExecutedRoutedEventArgs e)",43,30,22,4,9,2,4,34,
D:\LocMetrics\generator.project\src\tpl\myproject\modules\client\pls\PLSClassPartViewModel.xpt,"On«uiDialog.technicalName»MoveDownCanExecute(object sender, CanExecuteRoutedEventArgs e)",27,21,13,4,5,0,1,14,
D:\LocMetrics\generator.project\src\tpl\myproject\modules\client\pls\PLSClassPartViewModel.xpt,"On«uiDialog.technicalName»MoveDownExecuted(object sender, ExecutedRoutedEventArgs e)",43,30,22,4,9,2,4,34,
D:\LocMetrics\generator.project\src\tpl\myproject\modules\client\pls\PLSClassPartViewModel.xpt,"On«uiDialog.technicalName»SortAlphabeticalCanExecute(object sender, CanExecuteRoutedEventArgs e)",7,7,5,1,0,0,0,0,
D:\LocMetrics\generator.project\src\tpl\myproject\modules\client\pls\PLSClassPartViewModel.xpt,"On«uiDialog.technicalName»SortAlphabeticalExecuted(object sender, ExecutedRoutedEventArgs e)",24,20,14,3,3,0,1,6,
D:\LocMetrics\generator.project\src\tpl\myproject\modules\client\pls\PLSClassPartViewModel.xpt,RekursivSortFromAtoZ(IHierarchicalLookUp lu),24,21,15,2,3,1,0,3,
D:\LocMetrics\generator.project\src\tpl\myproject\modules\client\pls\PLSClassPartViewModel.xpt,"On«uiTabPage.technicalName»MoveUpCanExecute(object sender, CanExecuteRoutedEventArgs e)",12,10,8,1,2,0,0,0,
D:\LocMetrics\generator.project\src\tpl\myproject\modules\client\pls\PLSClassPartViewModel.xpt,"On«uiTabPage.technicalName»MoveUpExecuted(object sender, ExecutedRoutedEventArgs e)",27,24,16,4,3,0,0,0,
D:\LocMetrics\generator.project\src\tpl\myproject\modules\client\pls\PLSClassPartViewModel.xpt,"On«uiTabPage.technicalName»MoveDownCanExecute(object sender, CanExecuteRoutedEventArgs e)",12,10,8,1,2,0,0,0,
D:\LocMetrics\generator.project\src\tpl\myproject\modules\client\pls\PLSClassPartViewModel.xpt,"On«uiTabPage.technicalName»MoveDownExecuted(object sender, ExecutedRoutedEventArgs e)",27,24,16,4,3,0,0,0,
D:\LocMetrics\generator.project\src\tpl\myproject\modules\client\pls\PLSClassPartViewModel.xpt,"On«uiTabPage.technicalName»SortModeCanExecute(object sender, CanExecuteRoutedEventArgs e)",9,8,6,1,1,0,0,0,
D:\LocMetrics\generator.project\src\tpl\myproject\modules\client\pls\PLSClassPartViewModel.xpt,"On«uiTabPage.technicalName»SortModeExecuted(object sender, ExecutedRoutedEventArgs e)",7,7,5,1,0,0,0,0,
D:\LocMetrics\generator.project\src\tpl\myproject\modules\client\pls\PLSClassPartViewModel.xpt,"On«uiTabPage.technicalName»AcceptCurrentSortCanExecute(object sender, CanExecuteRoutedEventArgs e)",10,8,6,1,2,0,0,0,
D:\LocMetrics\generator.project\src\tpl\myproject\modules\client\pls\PLSClassPartViewModel.xpt,"On«uiTabPage.technicalName»AcceptCurrentSortExecuted(object sender, ExecutedRoutedEventArgs e)",27,23,15,3,4,0,0,0,
D:\LocMetrics\generator.project\src\tpl\myproject\modules\client\pls\PLSDruck.xpt,"«createHeaderPLSDruck(this.parentPackage.parentPackage.technicalName, uiDruckDialog.technicalName)",306,237,129,18,53,0,16,117,
D:\LocMetrics\generator.project\src\tpl\myproject\modules\client\pls\PLSDruckControlViewModel.xpt,"«createHeaderPLSDruckViewModel(this.parentPackage.parentPackage.technicalName, uiDruckDialog.technicalName)",367,324,143,32,35,0,8,81,
D:\LocMetrics\generator.project\src\tpl\myproject\modules\client\pls\PLSDruckControlViewModel.xpt,"«createHeaderPLSClassViewModel(this.parentPackage.parentPackage.technicalName, uiDruckDialog.technicalName)",20,17,13,0,3,0,0,0,
D:\LocMetrics\generator.project\src\tpl\myproject\modules\client\ps\PSXamlCs.xpt,"«createHeaderxamlcs(this.parentPackage.parentPackage.technicalName, uiDialog.technicalName)",763,671,325,51,67,0,25,128,
D:\LocMetrics\generator.project\src\tpl\myproject\modules\client\ps\PSXamlDruckControlCs.xpt,"«createDruckControlHeaderxamlcs(this.parentPackage.parentPackage.technicalName, uiDruckDialog.technicalName)",346,281,187,26,58,0,7,40,
D:\LocMetrics\generator.project\src\tpl\myproject\modules\contracts\PackageContracts.xpt,"«createIHeaderInterface(package.technicalName+"".Contracts"",package.technicalName)",2,2,1,0,0,0,0,0,
D:\LocMetrics\generator.project\src\tpl\myproject\modules\contracts\PackageContracts.xpt,"«createIHeaderInterface(package.technicalName+"".Contracts"",package.technicalName)",2,2,1,0,0,0,0,0,
D:\LocMetrics\generator.project\src\tpl\myproject\modules\contracts\PackageContracts.xpt,«createIHeaderInterfaceWcf(package.technicalName),2,2,1,0,0,0,0,0,
D:\LocMetrics\generator.project\src\tpl\myproject\modules\contracts\PackageContracts.xpt,«createIHeaderInterfaceWcf(package.technicalName),2,2,1,0,0,0,0,0,
D:\LocMetrics\generator.project\src\tpl\myproject\modules\services\PackageServices.xpt,«createHeader(package.technicalName),2,2,1,0,0,0,0,0,
D:\LocMetrics\generator.project\src\tpl\myproject\modules\services\PackageServices.xpt,«createHeader(package.technicalName),2,2,1,0,0,0,0,0,
D:\LocMetrics\generator.project\src\tpl\myproject\modules\services\PackageServices.xpt,«createHeaderServicePublic(package.technicalName),2,2,1,0,0,0,0,0,
D:\LocMetrics\generator.project\src\tpl\myproject\modules\services\PackageServices.xpt,«createHeaderServicePrivate(package.technicalName),2,2,1,0,0,0,0,0,
D:\LocMetrics\generator.project\src\tpl\myproject\modules\services\PackageServices.xpt,«createHeaderServicePublic(package.technicalName),2,2,1,0,0,0,0,0,
D:\LocMetrics\generator.project\src\tpl\myproject\modules\services\PackageServices.xpt,«createHeaderServicePrivate(package.technicalName),2,2,1,0,0,0,0,0,
D:\LocMetrics\generator.project\src\tpl\myproject\modules\services\ServiceContractAdapter.xpt,«methodName»(«dlgName»F param),14,12,8,1,2,0,0,0,
D:\LocMetrics\generator.project\src\tpl\myproject\modules\services\ServiceContractAdapter.xpt,«this.semanticName»(«EXPAND OperationContractParam(clazz) FOREACH (Collection[Signature]) this.params-»),14,12,8,1,2,0,0,0,
D:\LocMetrics\generator.project\src\tpl\myproject\modules\services\ServiceServices.xpt,IService«dlgName».«this.semanticName»(«EXPAND OperationContractParam(clazz) FOREACH (Collection[Signature]) this.params-»),13,13,10,2,0,0,0,0,
D:\LocMetrics\generator.project\src\tpl\myproject\modules\services\ServiceServices.xpt,«this.semanticName»(«EXPAND OperationContractParam(clazz) FOREACH (Collection[Signature]) this.params-»),11,8,6,1,3,0,0,0,
D:\LocMetrics\generator.project\src\tpl\myproject\modules\services\ServiceServices.xpt,"IDialogService<«dlgName»A, «dlgName»F>.«methodName»(«dlgName»F param)",9,9,6,2,0,0,0,0,
D:\LocMetrics\generator.project\src\tpl\myproject\modules\services\ServiceServices.xpt,"IDialogService<«dlgName»A, «dlgName»F>.«methodName»(«dlgName»F param)",2,2,2,1,0,0,0,0,
D:\LocMetrics\generator.project\src\tpl\myproject\modules\services\ServiceServices.xpt,Lesen(«uiDialog.technicalName»DialogF param),10,10,7,2,0,0,0,0,
D:\LocMetrics\generator.project\src\tpl\myproject\modules\services\ServiceServices.xpt,CheckRelationships(«uiDialog.technicalName»DialogF param),5,5,4,1,0,0,0,0,
D:\LocMetrics\generator.project\src\tpl\myproject\modules\services\ServiceServices.xpt,«methodName»(«dlgName»F param),38,34,8,4,4,0,0,0,
D:\LocMetrics\generator.project\src\tpl\myproject\modules\services\ServiceServices.xpt,foreach(Guid id in param.MasterGuids),15,15,9,1,0,0,0,0,
D:\LocMetrics\generator.project\src\tpl\myproject\modules\services\ServiceServicesAlt.xpt,IService«dlgName».«methodName»(«dlgName»F param),3,3,3,1,0,0,0,0,
D:\LocMetrics\generator.project\src\tpl\myproject\modules\services\ServiceServicesAlt.xpt,IService«dlgName».«this.semanticName»(«EXPAND OperationContractParam(clazz) FOREACH (Collection[Signature]) this.params-»),3,3,3,1,0,0,0,0,
D:\LocMetrics\generator.project\src\tpl\myproject\modules\services\ServiceServicesAlt.xpt,«this.semanticName»(«EXPAND OperationContractParam(clazz) FOREACH (Collection[Signature]) this.params-»),11,8,6,1,3,0,0,0,
D:\LocMetrics\generator.project\src\tpl\myproject\modules\services\ServiceServicesAlt.xpt,«methodName»(«dlgName»F param),134,112,33,9,15,0,7,25,
D:\LocMetrics\generator.project\src\tpl\sql\Model.xpt,"Package::Package("""")",2,2,2,0,0,0,0,0,
