Word,Count
/,288
the,72
<summary>,72
</summary>,65
{,57
},54
die,52
<param,51
*,51
run,49
in,48
der,47
/</summary>,41
test,35
/<summary>,34
=,34
fuer,33
to,32
public,32
void,30
ist,29
code,28
Use,28
das,25
nicht,25
wird,24
und,23
des,23
instance,22
,21
werden,21
/Test,20
event,19
<see,19
&&,18
wenn,17
an,17
new,17
\name="\sender"\>The\,16
sender.</param>,16
class,16
data.</param>,16
von,16
return,16
Entity,16
\name="\e"\>The\,16
containing,16
alle,16
«this.technicalName»,16
ein,15
Speichern,15
static,15
auf,15
Called,14
before,14
nur,14
each,14
aus,14
after,14
can,14
vom,14
running,14
==,14
when,14
wieder,13
als,13
+,13
or,12
sets,12
Struktur,12
dann,11
String,11
!=,11
if,11
Liste,11
auch,11
//,11
a,11
for,11
zu,11
mit,11
den,10
eine,10
Alle,9
dem,9
sollte,9
oder,9
and,9
im,9
für,9
holen,8
bei,8
[delete,8
hier,8
all,8
as,8
Parameter.</param>,8
functionality,8
*****,8
tests:,7
DataGrid,7
have,7
your,7
MyClassInitialize(TestContext,7
[TestCleanup()],7
TestInitialize,7
TestCleanup,7
kann,7
Entity:,7
current,7
you,7
zum,7
write,7
/TestmandantId,7
MyTestCleanup(),7
context,7
[TestInitialize()],7
/Gets,7
setzen,7
following,7
sind,7
\cref="\System.Windows.Input.ExecutedRoutedEventArgs"\/>\,7
first,7
/und,7
Stellt,7
ClassInitialize,7
use,7
Parameter,7
has,7
Testclasse,7
executed],7
attributes,7
/Dies,7
ClassCleanup,7
/information,7
provides,7
Datenbank-Entität,7
MyTestInitialize(),7
testContext),7
[ClassInitialize()],7
Code,7
about,7
[ClassCleanup()],7
which,7
\cref="\System.Windows.Input.CanExecuteRoutedEventArgs"\/>\,7
Unittests,7
additional,7
tests,7
Gets,7
enthaelt,7
execute],7
You,7
MyClassCleanup(),7
zurückgeben,7
dar,7
\name="\param"\>Der\,6
sie,6
Wenn,6
Focus,6
--,6
Neu,6
Stereotypes,6
beim,6
is,6
nach,6
da,6
getClassPfad2():,6
unterbindet,6
**,6
Sortierung,6
Lookup-Cache,6
entfernen,6
case,6
\"\\,6
Packages,6
master):,6
gelöscht,6
Lookup,6
view,6
(detail,6
[new,6
diese,6
Loeschen,5
Lesen,5
list,5
«Stufe2.parentPackage.technicalName».«Stufe2.technicalName»,5
ins,5
\holen,\,5
+checkSigTypeString(,5
Diese,5
vorkommen,5
noch,5
Workaround:,5
):,5
sig.typ,5
null),5
Service«className»Test,5
!!,5
Pflichtfeld,5
«serviceName»,5
übergeben,5
Verzweigung,5
Ende,5
Änderungen,5
sonst,5
Implementierung,5
<value>The,5
of,5
Bitte,4
Orgeinheiten,4
seiner,4
einfügen,4
«entity.parentPackage.technicalName».«entity.technicalName»,4
mehr,4
timestamp,4
((Clazz)e).iid,4
Bug,4
sich,4
Master,4
Model,4
«IF,4
vm.SendChangesToModel();,4
Script,4
erste,4
Position,4
zurück,4
«ENDIF-»,4
SelectedItems,4
eines,4
Index,4
entity.iid,4
Satzes,4
tree,4
currentItem,4
this.«Panel.technicalName»View.Refresh();,4
private,4
DatenZugriffsSchnittstelle,4
..,4
sein,4
Date:,4
man,4
this,4
Object:,4
Item,4
durch,4
entweder,4
wurde,4
neuen,4
«master.parentPackage.technicalName».«master.technicalName»,4
Master:,4
wegen,4
ViewModels,4
«className»,4
Die,4
alten,4
04/18/2012,4
Items,4
sendenen,4
immer,4
«attribute.technicalName.toFirstUpper()»,4
checkSigTypeString(getDataTypeName(clazz)),4
\"\:Datatype:"\+clazz.semanticName+"\:"\+getDataTypeLength(clazz)+"\:"\+getDataTypeNachKomma(clazz)+"\:"\+\,4
«Stufe3.parentPackage.technicalName».«Stufe3.technicalName»,4
else,4
lineare,4
true,4
-->,4
anzeigen,4
:,4
zuletzt,3
(nicht,3
Löschen,3
\hat,\,3
AS,3
Xceed.SelectionRange,3
es,3
\"\Server/TO/"\\,3
«lookupEntity.technicalName»,3
sender,3
log,3
Initializes,3
Changed,3
eigentlichen,3
Utils,3
Schalter,3
Component,3
damit,3
danach,3
strSortierung,3
geworfen,3
Methode,3
ggf,3
gesetzt,3
Felder,3
vor,3
«NoMasterBinding.parentPackage.technicalName».«NoMasterBinding.technicalName»,3
false;,3
false,3
Baum,3
«ENDFOREACH-»,3
evtl,3
).size,3
Hier,3
können,3
Bug:,3
(master):,3
REGIONS,3
ctor,3
müssen,3
umstellen,3
\wird,\,3
\"\res/Technisches\,3
\<returns>"\«className»A"\</returns>\,3
laden,3
Wechsel,3
Gegenstück,3
manuellen,3
getOrgEinheitenEntity().iid,3
beibehalten,3
einem,3
«packageName».«entityName.toFirstUpper()»Entitaet,3
\Workaround,\,3
OAW,3
getTimeString(),3
Filter,3
gebunden,3
\setzen,\,3
<=,3
PROTECTED,3
selektiert,3
Exception,3
string,3
sortierung,3
erneut,3
gibt,3
Node,3
löschenden,3
Beginn,3
sParser.showVals();,3
break;,3
Generiert,3
Workflow,3
detail):,3
«FOREACH,3
am:,3
model,3
Durch,3
FOR,3
update,3
ob,3
window,3
explizit,3
einpflegen,3
javaCC,3
writing,3
Klasse,3
Namen,3
Save,3
true;,3
aktuellen,3
debugger,3
Für,3
sortiert,3
Attribute,3
einen,3
später,3
falls,3
scroll,2
this.m_CurrentChangingByReplaceAtPosition,2
Sql,2
ansonsten,2
Vorbelegung,2
aktuelle,2
IService«className»Test,2
Stereotype,2
eindeutiger,2
Master-Detail,2
OperationContractParamName,2
getSignature(Node,2
((Clazz)e).aggregations.select(e2|,2
Basisobjekt,2
innerhalb,2
handler,2
\this.params.first()-»"\>Der\,2
\ändern,\,2
uiDialog.getBindingEntityForDialog(),2
Datei,2
TODO,2
bestimmten,2
foreach,2
\"\String"\\,2
haben,2
geändert,2
buffer,2
verwendet,2
Nur,2
Statischen,2
found=false;,2
Dadurch,2
<autogenerated/>,2
«uiDialog.technicalName»,2
datentyp,2
+=,2
Schnittmenge,2
//this.m_CurrentChangingByReplaceAtPosition,2
4889:,2
Druckoptionen,2
13:21:29,2
Tagged,2
Hilfsroutinen,2
GenerateSaveMethod,2
queryfilter,2
1);,2
element,2
~~~~~~~~~~~~~~~~~~~~~~~~~~~~~~~~~~~~~~~~~~~~~~~~~~~~~~~~~~~~~~~~~~~~~~~~~~~~~~~~~~~~~~~,2
Interface,2
Verwaltung,2
\System.out.println("\Child\,2
\cref="\System.Windows.Input.KeyEventArgs"\/>\,2
indicating,2
eigentliche,2
4866,2
WindowViewModel,2
generator.oaw,2
Interaction,2
\otherwise,\,2
erlaubt,2
value,2
throw,2
keine,2
Generator,2
\"\Bezeichnung"\\,2
whether,2
Erzeugen,2
rückgabewerte,2
selektieren,2
Changing,2
this.«uiDialog.technicalName»View.MoveCurrentTo(newVM);,2
Basistyp,2
logic,2
erweiterte,2
DebuggerWriter();,2
«Panel.getUiPartForMasterBinding().technicalName»,2
weiter,2
OrgEinheiten,2
~~~~~~~~~~~~~~~~~~~~~~~~~~~~~~~~~~~~~~~~~~~~~~~~~~~~~~~~~~~~~~~~~~~~~~~~~~~~~~~~~~~~~,2
((Aggregation)e2).iidEnd==((Clazz)e).iid,2
jeder,2
bindung,2
Handles,2
MUSS,2
sinnlos,2
Orgas,2
Wert,2
enthalten,2
(Signature),2
sollen,2
Frage-Objekts:,2
null-»,2
1.),2
\wurde,\,2
File,2
Lookup:,2
\ist,\,2
0-»,2
benötigt,2
</value>,2
datenbankversionsnummer,2
Customcode,2
also,2
deklariert),2
Collection,2
antwortobjekt,2
visibility.</value>,2
view;,2
\name="\«EXPAND\,2
ab,2
(param.«this.technicalName»Entitaet[i].Timestamp,2
Testcase,2
\"\Server/DZS/Jomo.DZS/"\;\,2
schleife,2
1,2
was,2
Bei,2
datensätze,2
<c>true</c>,2
sql,2
11:25:15,2
Nachtrag,2
[UX_ModulUnabhaengig_ArtikelGruppe_1],2
(Bug7938),2
bool,2
eingabe,2
**************,2
Lookups,2
Element,2
4204,2
Nullable,2
visibility,2
StringBuilder();,2
darf,2
aufgrund,2
angewählte,2
Beschaffung,2
WERDEN,2
\"\Id"\:\,2
Prüfungen,2
nummer,2
«attribute.technicalName».</value>,2
IMLEMENTIERT,2
\System.out.println("\\,2
Neuanlegen,2
Custom-,2
<value>,2
childNode.getTextContent();,2
ermitteln,2
zusätzliche,2
Antwort,2
obligatorischen,2
geht,2
unten,2
Gelesene,2
Änderung,2
childNode,2
binden,2
JUnit,2
über,2
node),2
lesen,2
Bedingung,2
ViewModelChilds,2
Autofilter,2
--------------------------------------------------------------------------------------------------------------------------------------------------------------------------------,2
using,2
Workflows,2
Binding,2
this.«Panel.technicalName»View.MoveCurrentTo(null);,2
aufgerufen,2
output,2
key,2
NM-Zuordnungen,2
anderen,2
bleibt,2
muss,2
LINQ,2
\<returns>"\«this.typ»"\</returns>\,2
berechtigte,2
IsEditEnabled,2
aufbereiten,2
\vorhanden,\,2
[UX_AngebotsPlanung_RezeptGruppe_1],2
weil,2
scripte,2
Satz,2
einlesen,2
On,2
\<returns>"\LookupA"\</returns>\,2
hat,2
remove,2
for(int,2
Task,2
master),2
Enable,2
um,2
Standardeinstellung,2
\"\res/techdesign2_0.xml"\;\,2
((Clazz)e).isForeignKeyDetailConnected(entity),2
wie,2
«lookupEntity.technicalName»View,2
\"\Neu"\;\,2
2);,2
kein,2
\((Aggregation)e2).cardinalityEnd=="\*"\\,2
erzeugten,2
entfernt,2
«attribute.technicalName»,2
ändert,2
Datensatz,2
neu,2
(GLOBALVAR,2
<c>false</c>,2
ChildListe,2
http://www.openarchitectureware.org/forum/print.php?id=4222,2
insert,2
pos,2
ihre,2
l_OrganisationsEinheiten,2
einsammeln,2
länge,2
filter,2
gespeichert,2
generiert,2
Siehe,2
NM,2
tag,2
persistieren,2
ausgewaehlt,2
\"\HatFehler"\\,2
\gefeuert,\,2
Lookup-Frage-Objekts:,2
item,2
würde,2
erstes,2
(keine,2
Config,2
Detailsätze,2
«TabPage.getUiPartForMasterBinding().technicalName»,2
benoetigt,2
import,2
direkt,2
Bis,2
leer,2
Objekte,2
\Modell.xml"\;\,2
Unterscheidung,2
Sätzen,2
3.),2
Daten,2
TabPage.getUiPartForMasterBinding().getBindingEntityForDialog(),2
((Clazz)e).isForeignKeyDetailConnected(getOrgEinheitenEntity()),2
NOCH,2
fortlaufende,2
nachfolgender,2
Disable,2
\zurückgeben,\,2
Hierarchical,2
Details,2
\getNodeByPath(node,\,2
\deleted"\);\,1
\listNode(cN,iter+1);\,1
Hashtabelle,1
Vector<ObjectifNode>();,1
verbose,1
oldVM.PropertyChanged,1
2.),1
yyyyMMdd,1
vmo.«P.getBindingEntityForDialog().technicalName».«ags.roleNameEnd»,1
\((Clazz)e).technicalName.contains("\Org"\)\,1
Im,1
überprüfen,1
\gefunden"\);\,1
eh,1
Ergebnisse,1
\Chance,\,1
\Druckoptionen,\,1
abweichende,1
Typ,1
\this.«uiDialog.technicalName»HierarchicalView[0].ExpandToDepth(1,\,1
PartialSendChangesToModel,1
Tabellen,1
angehangen,1
abholen,1
fehlerhafter,1
down,1
\cref="\Advanced«uiDialog.technicalName.toFirstUpper()»Filter"\/>\,1
«dialogName»,1
listSignatures();,1
TabPanel-NmZuordnung,1
Reihenfolge,1
@param,1
\"\CODE.NAMEDCODE.TEXT"\);\,1
wurden,1
Rückgabe,1
Meldungen,1
\"\ServiceContract"\:\,1
zulassen,1
n.getChildNodes();,1
Service,1
be,1
Unterverzeichnisse,1
Grund,1
GetReferences,1
\zeigen,\,1
this.«Panel.getUiPartForMasterBinding().technicalName»View.MoveCurrentToFirst();,1
\BenutzerIstNichtOrgEinheitenBerechtigt,\,1
(«todm»,1
\"\res/JomoPOCGenerator2.xml"\;\,1
Service(s),1
DruckoptionenTabs,1
iter+1);,1
\"\Vater"\\,1
\"\res/MitDataTypes.xml"\;\,1
Panel.getUiPartForMasterBinding()!=,1
RowId,1
(ReportingService),1
Start,1
set;,1
\aktvieren,\,1
\issues.addError("\WorkFlowCleaner("\+this.getId()+"\),\,1
Fragt,1
0);,1
Separatoren,1
(TransactionScope,1
sollten,1
ON,1
(this.«uiDialog.technicalName»View.DeferRefresh()),1
Changesets,1
\"\Stereotype"\)));\,1
[],1
verworfen,1
TabPage.getUiCallsForUiPanelsForComplexDialog().size,1
Eventdaten,1
\"\Servis/code/Server/Data.Core/SQL/databaseversion.sql"\;\,1
Entities,1
Fehlerhandling,1
uiDialog.getBindingEntityForDialog().aggregations.select(e|((Aggregation)e).roleNameEnd,1
dient,1
Deltas,1
könnten,1
(TaggedValueDef,1
\Rowid,\,1
newVM);,1
Directories,1
etwas,1
JOMOsoft.Servis.Types.Enumerations.ChangeType.Empty),1
this.getTabPagesForComplexDialog(),1
Style,1
\"\string"\)).technicalName».RawValue\,1
if(!found),1
inst,1
\"\DataContract"\:\,1
2,1
HashmapInNameSpace,1
issues);,1
\fuer:"\+node.getNodeName()+"\:\,1
4860,1
UpdateMask:,1
verändern,1
e);,1
hartgecoded,1
Masterfilter,1
\generalization.setStereotype(findStereotype(getNodeValue(node,\,1
\Validierungsfehler,\,1
cNodes=,1
\Modell2.xml"\;\,1
Model();,1
dessen,1
rezeptDruckAntwort.BlsNaehrwerteAllergeneEntitaet[z].BlsFeld.ToString();,1
passende,1
konnte,1
Ausführung,1
gewährleistet,1
this.getUiPanelsForComplexDialog(),1
Parameter/Attribute:,1
Framework,1
File(clean_pfad);,1
geschrieben,1
scope.Complete();,1
\Instanz,\,1
Anzeigen,1
(transaction,1
Ignoriert,1
mitzugeben,1
leider,1
\"\SIGNATURE.CODE.NAMEDCODE.TEXT"\);\,1
Standardtemplate,1
KopieVonDM,1
folgenden,1
EntityRef-Antwort-Objekts:,1
getSignature(),1
\"\Server/"\+clazz.parentPackage.technicalName+"\/KS/Interface/"\\,1
standard,1
abstellen,1
***********************,1
ausgeben!!,1
\dumpTreeWithoutParent(1,\,1
\Mandant,\,1
\"\Server/KS/Jomo.KS/"\;\,1
i=0;i<content.length;i++),1
deltree(content[i]);,1
Aufruf,1
\!"\);\,1
EntitaetDM,1
nochmals,1
anzahl,1
\"\"\\,1
I«serviceName»,1
content=delpfad.listFiles();,1
worden,1
welche,1
\EnumVal:"\+enumentry.getIid()+"\:"\+enumentry.getName()+"\:"\+enumentry.isIstDefault());\,1
dateinamen,1
at,1
(Rowid==Empty),1
classname):,1
verschiebenden,1
var,1
setText(sigtext);,1
beinhaltet.</param>,1
\name="\ignoreCurrentItem"\></param>\,1
\verwendet,\,1
Masterdatensatzes,1
\Signaturen:"\);\,1
\ArgumentNullException("\ItemsSource"\);\,1
schmeißen,1
möchte,1
DateFormat.getDateTimeInstance().format(new,1
vmo.«((Aggregation)ags.end.aggregations.selectFirst(e|((Aggregation)e).start.technicalName,1
\CommitingNewItem,\,1
erhält,1
Eventhandling,1
IComparer,1
erst,1
Templates,1
\"\+record);\,1
msg,1
((Aggregation)e).roleNameStart,1
TransactionScope(TransactionScopeOption.Required)),1
Objekt,1
string.emty,1
Schalter:,1
gefilterten,1
'Current«uiDialog.technicalName.toFirstUpper()»',1
Maske,1
persist,1
Parameters,1
Minimum,1
erfolgreich,1
DataSet,1
Inhalt,1
tableField.Contents,1
abort,1
\"\res/JomoGeneratorMetamodell.xml"\;\,1
zur,1
ChangeType,1
bisherigen,1
Auto-generated,1
TaggedValues,1
values,1
\sqlCommand1.Parameters.AddWithValue("\@pageindex"\,\,1
Abbruch,1
item.Id;,1
«uiDialog.technicalName»ViewModel,1
\TableFieldText(table.Lines.Footer["\Zeilendefinition1"\].Fields);\,1
eingegeben,1
System.out.println(signature.getText());,1
Attributen,1
\<returns>"\bool"\</returns>\,1
getClassPfad2(String,1
Sinn,1
\System.err.println(fp.getParent()+"\:"\+fp.getName());\,1
Dabei,1
uiDialog.getLookupEntitiesForComplexDialogKlein(),1
Hinter,1
(ILookUp,1
SendChangesToModel,1
**********************************************************************,1
Teilmenge,1
ausser,1
stereotypeinstance.getStereotype().getTaggedvaluedefs()),1
StringReader(signature.getText()));,1
lookUp,1
scope,1
if(bVerbose),1
\GeaendertAm,\,1
\"\Server/GLS/Jomo.GLS/"\;\,1
gedrückt,1
Datenbindungen,1
angelegt,1
Klassen,1
machen,1
@Test,1
zurueckgeben,1
Wird,1
logging,1
Etity,1
\Trick,\,1
their,1
RadionButton,1
\name="\e"\>Die\,1
darin,1
this.m_«uiDialog.technicalName».IndexOf(oldVM);,1
Pruefung,1
Changes,1
«EXPAND,1
***************,1
disablen,1
\"\Neu"\\,1
Lookups:,1
Entries,1
aufgeführtem,1
optional,1
events,1
\"\.delOK"\\,1
CustomExport,1
neue,1
org.junit.Assert.*;,1
leeren,1
ZuListDM,1
RadioButtonGroup,1
</auto-generated>,1
zugewiesen,1
TabPanel-Tabelle,1
usw,1
Stammklasse,1
mappen*,1
MoveCurrentToPosition(currentPos),1
speichern,1
\getAllClassesWithStereotype("\Entity"\).selectFirst(e|\,1
\CreatingNewItem,\,1
=>,1
sp_Table_Insert,1
get;,1
t,1
uiTree-»,1
insertion,1
nachbilden,1
Menüleiste,1
exception,1
«ELSE-»,1
(pos,1
Es,1
\"\c_naehrwerteSummenDT."\\,1
\"\ToolTip"\,\,1
sync,1
\Verzeichnis,\,1
ListCollectionView,1
temporäre,1
\aus,\,1
\System.out.println("\Gelistete\,1
Namens,1
\log("\do_clean"\);\,1
Date());,1
this.IsVisibleChanged,1
folgender,1
CancelingNewItem,1
dieses,1
inside,1
Vorbelegungen,1
Sinnigerweise,1
Aktuell,1
Root,1
InnerTabDockWindow,1
added,1
UTF8,1
};,1
SET,1
Instanz,1
(m_adoDataBridge,1
\"\res/Generator_22_11_07.xml"\;\,1
\name="\sender"\>Das\,1
FilterRow,1
handling,1
Controls,1
***********,1
wir,1
Aktueller,1
secure,1
@author,1
DatenTabellen,1
Memoryleaks!!,1
IstNeu(),1
Setzen,1
\"\yyyyMMdd.nnn"\\,1
TabPage-»,1
WindowViewModel.</param>,1
Dialogantwort,1
ReadOnly,1
ListCollectionView(this.m_«lookupEntity.technicalName»List);,1
(Action)delegate,1
Guid.Empty),1
\name="\exSpeichern"\></param>\,1
this.m_«uiDialog.technicalName».RemoveAt(pos);,1
mehrfach,1
aller,1
wegen:,1
Wo,1
Templateparameter,1
Erweiterung,1
Ausnahme,1
kopiert,1
Sollte,1
/////////////////,1
AutoFilterMode.And;,1
davon,1
XAML,1
DataTabels,1
eingabe.</value>,1
RadioButtonGroups,1
CurrentAddItem,1
neuer,1
\Timestamp,\,1
if(content[i].isDirectory()),1
Stereotype-Instance,1
aktiv,1
Ereignisliste,1
Entities:,1
Generatorlauf,1
«P.technicalName.toFirstLower()»VM.«P.getBindingEntityForDialog().technicalName».Rowid;,1
*************************************************************************,1
\Deleted,\,1
«this.technicalName.toFirstLower()»VM.Bezeichnung.RawValue,1
ausgefüllt,1
item.IsEnabled,1
up,1
\ServiceLayer,\,1
Lookup-DatenMitglied-Objekts:,1
daraus,1
Umlaute,1
Enum,1
normale,1
((Clazz)e).parentPackage.iid,1
Parent,1
extension,1
Zugriff,1
Hierarchische,1
einer,1
Sicherheit,1
Laden,1
that,1
CreateExport,1
SendChangesToModel(),1
Value-Werte,1
hinzu,1
geklickt,1
verändert,1
Fremdschlüsseln,1
**************************************************************************,1
\DataSet,\,1
\IList,\,1
\sArg.toLowerCase()=="\"\;\,1
«className»A,1
override,1
bessere,1
ALLE,1
Zuweisen,1
commands,1
\sollen,\,1
found=true;,1
Aggregationen,1
\clean_pfad,\,1
\System.out.println("\BUFFER\,1
Tabwechsel,1
\Daten,\,1
prüfen,1
ueberschrieben,1
this.btnDirekt.ToolTip,1
delpfad.isDirectory()),1
Success,1
niemand,1
gelöscht),1
strSortierung.ToString();,1
deletedList,1
\"\Server/KS/Jomo.KS.Impl/"\;\,1
«this.technicalName.toFirstLower()»VM.«((Attribute)this.getBindingEntityForDialog().attributes.selectFirst(e|getSigTypeString2(((Attribute)e)),1
ii=0;ii<cNodes.getLength();ii++),1
Dialog,1
if(cnt>3),1
end,1
gehe,1
gerade,1
erben,1
tableField,1
«lookupNameRela»F,1
'normalen',1
0),1
boolean,1
\Sätzen,\,1
\getAllClassesWithStereotype("\Entity"\).exists(e|\,1
antwort.«uiDialog.technicalName»Dialog.«uiDialog.getBindingEntityForDialog().technicalName»Entitaet),1
sehen,1
aufsteigende,1
add,1
oben,1
sigtext),1
merken,1
angelegten,1
aufklappen,1
festgehalten,1
TaggedValueInstance(def));,1
\clean_pfad:"\+clean_pfad+"\\,1
aktueller,1
\durchsuchen"\\,1
FS:Auskommentiert,1
this.«uiDialog.technicalName»View.MoveCurrentToFirst();,1
strSortierung.Append(param.Sortierung);,1
\System.out.println("\Added:"\+stereotypeinstance.getStereotype().getName()+"\:"\+def.getName());\,1
Tracking,1
nothing,1
packen,1
*****************************Überprüfung,1
UpdateMask,1
Generatorinformationen,1
EntitaetenFctory,1
modelNameOld,1
sondern,1
Datensatzwechsel,1
HSB:Werte,1
#endregion,1
benutzer,1
(TaggedValueInstance,1
filterbedingung,1
fertig,1
Habe,1
item.Rowid,1
this.«uiDialog.technicalName»View.AutoFilterMode,1
if(delpfad.exists(),1
GetSortierung(«uiDialog.technicalName»DialogF,1
ModelDumper().dump(model);,1
OrganisationsEinheiten,1
will,1
CreateCustomExport,1
merken..,1
oldVM,1
this.m_«uiDialog.technicalName»,1
\System.out.println(this.getContainer().getLocation().getResource()+"\:"\+this.getContainer().getLocation().getLineNumber());\,1
default:,1
Zurückgeben,1
TransactionScope,1
\generiert,\,1
*********************************************************************,1
showVals();,1
CurrentChanging,1
letztes,1
\New,\,1
dadurch,1
Standard,1
issues),1
getOrgEinheitenEntity().iid&&,1
Connection,1
procedures,1
ll,1
this.«uiDialog.technicalName»View.MoveCurrentToPosition(currentPos);,1
\"\res/Generator\,1
if(inst.getTaggedvaluedef()==def),1
\LanguageBinder.GetTranslation("\client_general_direct"\,\,1
\"\<Masterentität>\,1
Fehler,1
if(childNode==null),1
Pflichtfelder,1
\"\Kinder"\\,1
\m_adoDataBridge.AsyncCommitData(sender,\,1
passen,1
RadioButton,1
def,1
-,1
this.PropagateHasChangesAndHasError;,1
LDickhoff,1
ContextMenü,1
«lookup.technicalName»,1
handled,1
\DataTables,\,1
this.«TabPage.technicalName»View.Refresh();,1
SignaturParser,1
\cref="\System.EventArgs"\/>\,1
«uiDialog.technicalName»ViewModel(item);,1
Currentitem,1
Masterdatensatz,1
Frageklassen,1
-1;,1
...nicht,1
«className»F,1
GlobalUserConstants.AlleUserOrganisationsEinheitenList),1
Tabellen--------------------------------------,1
steht,1
dies,1
\loeschen,\,1
geschlossen,1
int,1
Antwort-Objekt,1
\sqlCommand.Parameters.AddWithValue("\@pageindex"\,\,1
JavaCC,1
\sein,\,1
\sArg.toLowerCase()!="\loggingtracinga"\;\,1
switch(classname),1
Referenz,1
Standardattribute:,1
reexport;,1
t.Rowid,1
\ErstelltAm,\,1
even,1
\DatumUhrzeit,\,1
SP,1
\werden,\,1
\ASC"\);\,1
Entity-Ref-DatenMitglied-Objekts:,1
PropagateHasChangesAndHasError;,1
jedem,1
nnn,1
Eingaben,1
welches,1
geloescht,1
Modells,1
waehle,1
\sort.Append("\t1.Nummer\,1
«lookupName»F,1
Log,1
MS,1
Druck,1
});,1
System.Windows.Threading.Dispatcher.CurrentDispatcher.BeginInvoke(,1
Methoden,1
item.IsReadOnly,1
\Existenz,\,1
\kann,\,1
\sqlCommand1.Parameters.AddWithValue("\@pagesize"\,\,1
NULL,1
Auto-Filter,1
Sammeln,1
\this.m_«uiDialog.technicalName».Insert(pos,\,1
\System.out.println(cnt+"\\,1
Rückgabewerte,1
items,1
:-(,1
pruefe,1
ungewollten,1
this.Referenz«Panel.technicalName»View.Refresh();,1
Signature,1
implementieren,1
this.m_«uiDialog.technicalName».Add(vm);,1
Führt,1
\VKind:"\+child2.getNodeName()+"\:"\+child2.getAttributes().getNamedItem("\Name"\).getNodeValue()+"\:"\);\,1
«lookupName»A,1
Data.Core,1
wodurch,1
JOMODockWindow,1
zusätzlich,1
&,1
SignaturParser(new,1
\gewählt,\,1
Anordnung,1
0,1
Festgestellt,1
\<returns>List<«className»EntitaetDM"\</returns>\,1
verarbeitet:,1
(oldVM,1
t).SingleOrDefault();,1
«methodName»,1
----------------------------------------Anlegen,1
Panel-»,1
kopieren*************************************,1
\name="\vmDruck"\></param>\,1
NodeList,1
\"\Druckt\,1
CheckedTabellen,1
#region,1
Zuordnung,1
LookUp,1
mehrere,1
For,1
\ErstelltVon,\,1
Zuordnungen,1
\"\DataContractFrage"\:\,1
ext_method,1
leeren:,1
Xceed-Export,1
Reiterwechsel!!,1
entsprechend,1
*.gen.cs,1
this.m_«uiDialog.technicalName».Add(newVM);,1
aber,1
entity.parentPackage.iid,1
verfuegbare,1
\20071002_1.xml"\;\,1
fehlers,1
stereotypeinstance.getTaggedvalueinstances().add(new,1
org.junit.Test;,1
>=,1
where,1
initialisieren,1
Dictionarys,1
e.Parameter,1
\.GetProperty("\RawValue"\).PropertyType;\,1
Feld,1
(from,1
\this.checkRequiredConfigProperty("\clean_pfad"\,\,1
\Beispiel,\,1
OnQueryAutoFilterDistinctValues,1
m_NewItemAdded,1
Rootelement,1
sParser=new,1
abgespeichert,1
ausgewähltes,1
Listen,1
node.getAttributes().getNamedItem(name).getNodeValue();,1
temporär,1
--------------------------------------------------------------------------------------,1
\"\databaseversion.sql"\\,1
Panel.getUiPartForMasterBinding().getBindingEntityForDialog()!=,1
Spalte,1
ToDo:,1
natürlich,1
\Standardeinstellung,\,1
Datensatzes,1
*************************,1
this;,1
entstehen,1
Entitaet,1
\GeaendertVon,\,1
anderer,1
done,1
uiDialog),1
this.«TabPage.getUiPartForMasterBinding().technicalName»View.MoveCurrentToFirst();,1
kommen,1
stereotypeinstance.getTaggedvalueinstances()),1
select,1
benötigter,1
sParser.doParse();,1
(!string.IsNullOrEmpty(param.Sortierung)),1
übernehmen,1
delete,1
\"\Server/DZS/Jomo.DZS.Impl/"\;\,1
Sonst,1
SelectedItemChanged,1
\"\OrganisationsEinheit"\)).roleNameEnd».RawValue\,1
«entity.technicalName.toFirstLower()»EntitaetA.«entity.technicalName.toFirstUpper()»Entitaet.AddRange(antw.«entity.technicalName.toFirstUpper()»Entitaet);,1
this.«this.technicalName»View.Refresh();,1
DependencyPropertyChangedEventHandler(On«uiDialog.technicalName»PartIsVisibleChanged);,1
\name="\frage"\></param>\,1
gesamte,1
\listAttrib(n.getAttributes(),\,1
FS:,1
erzeugt,1
client,1
Dynamischen,1
method,1
*********,1
Länge,1
vorhanden,1
********,1
Mal!,1
Checked,1
«P.technicalName»List.Clear();,1
verarbeitet,1
\System.out.println("\Enum\,1
Einträge,1
this.m_Deleted«this.technicalName»);,1
////////////,1
clean_pfad,1
orgeinheiten,1
diesen,1
param),1
weichen,1
extensions::servisdata,1
Manuelles,1
\gefunden:"\+taggedValueDef.getName());\,1
automatisch,1
\fügen,\,1
Druckoption,1
wechseln,1
ViewModelBase,1
\"\DataContractAntwort"\:\,1
HeaderRow,1
abgebrochen,1
antwort,1
Datenmitglied-Objekts:,1
stored,1
schnell,1
this.«uipart.technicalName»View.Refresh();,1
datei,1
Manually,1
<auto-generated>,1
\RemoveItemsFromList<«this.technicalName»ViewModel>(this.m_«this.technicalName»,\,1
«uiDialog.technicalName»Part.xaml,1
Fehlermeldung,1
must,1
Eintrag,1
file,1
OPERATORS,1
ersten,1
(werden,1
auswerten,1
(item.ChangeType,1
Entitaet-DatenMitglied-Objekts:,1
zurückholen,1
eventuell,1
\Standarddrucker"\).ToString();\,1
verlegt,1
dass,1
aktualisieren,1
horchen,1
benutzen,1
notation,1
stub,1
KEIN,1
Entityfilter,1
cN,1
selektierte,1
Endlosschleife,1
newVM,1
LayoutUpdated,1
generalization.getStereotype().addUsingthis(generalization);,1
\vermeiden,\,1
15851,1
\ChangeType,\,1
Tabs,1
500);,1
*************,1
NeuVonDM,1
requires,1
DELETE,1
performance,1
OnSave(),1
Dynamische,1
Value-Definitionen,1
Sie,1
Stelle,1
CurrentItem,1
\System.out.println("\Attribs=null:"\);\,1
BasisDM:,1
3824,1
debug-modus,1
(dgcv,1
ueber,1
Tree,1
dc.CancelEdit();,1
\name="\orgEinheiten"\></param>\,1
Properties,1
Datenbankdesign,1
Zweifel,1
verwenden,1
Letzte,1
TimeStamp,1
resultieren,1
IKategorieDataProvider,1
In,1
setSignature(String,1
\cref="\«uiDialog.technicalName.toFirstUpper()»Filter"\/>\,1
cNodes.item(ii);,1
\name="\designerPressed"\></param>\,1
Command,1
-=,1
Eigene,1
\fuer:"\+node.getNodeName()+"\="\+node.getAttributes().getLength()+"\:"\);\,1
Entität-Antwort-Objekts:,1
sParser.setsignatur(signature.getText());,1
if(n.getAttributes()==null),1
feststellen,1
DataGridVirtualizingCollectionView,1
mandantid,1
abgeleiteten,1
lookup-»,1
do_clean(Issues,1
\name="\columns"\></param>\,1
MS@20100326,1
guid,1
Ich,1
canceled,1
GetSortierung(param);,1
Probleme,1
war,1
(lookUp.Id,1
set,1
\leer,\,1
wirklich,1
Root-Elemnt,1
«uiDruckDialog.technicalName».xaml,1
Drucktabs,1
folgende,1
Error,1
StringBuilder,1
delpfad=new,1
zurücksetzen,1
eingelesen,1
\"\Aktualisieren"\\,1
MT,1
\Eventlisteners,\,1
ViewModel,1
parameterangaben,1
\name="\doReturn"\></param>\,1
auswählen,1
DeleteListe,1
I«className»,1
Pfad,1
AdvancedFilterItems,1
sp_Table_Update,1
Erstellung,1
\heißen,\,1
\name="\"\></param>\,1
«lookupName»,1
\System.Windows.Threading.DispatcherPriority.Background,\,1
zuordnen,1
\((Clazz)e).technicalName.startsWith(entity.technicalName.subString(0,3))\,1
gesucht,1
Lookup-Antwort-Objekts:,1
«lookupNameRela»A,1
save!),1
lesenden,1
always,1
halten,1
Direktory,1
newVM.PropertyChanged,1
